slang;formal
aqunya;akunya
bagusjob;bagus job
barasa;berasa
beroka;berkah
bgtkaya;banget kayak
ckep;cakep
cobainnn;mencoba
crtanya;ceritanya
cucok;cocok
cucoks;cocok
dapam;dalam
dapetnya;dapatnya
dariindia;dari india
datengnya;datangnya
datng;datang
datsng;datang
diaktifin;diaktifkan
diaktivasi;diaktivasi
diapkek;dipakai
diapsang;dipasang
dibandingin;dibandingkan
dibatalin;dibatalkan
dibenerin;dibenarkan
dibgunakan;digunakan
dibingkus;dibungkus
dibolongin;dibplongi
diboongin;dibohongi
dicairin;dicairkan
dicobaa;dicoba
didalemnya;didalamnya
difotokopi;difotokopi
diganjel;diganjal
diipakai;dipakai
diitubg;dihitung
dijait;dijahit
dikais;diberi
dikantongin;dikantongi
dikasi;dikasih
dikbinasi;dikombinasi
dikecilin;dikecilkan
dikirimin;dikirimkan
dikomfirmasi;dikonfirmasi
dikrm;dikirim
dikurur;dikurir
dilipatgandakan;dilipat gandakan
diluarkota;diluar kota
dimainin;dimainkan
dimanapun;dimana pun
dimari;disini
dimatiin;dimatikan
dimintain;diminta
dindalemnya;didalamnya
dinginnn;dingin
dinyalain;dinyalakan
dipakaii;dipakai
dipakein;dipakai
dipakenya;dipakainya
dipengiriman;dipengiriman
diperhatiin;diperhatikan
diplastikin;diplastik
dipraktekkan;dipraktikkan
dipulangin;dipulangkan
diputer;diputar
dirapihkan;dirapikan
disambungin;disambungkan
disaranin;disarankan
diseesuai;disesuaikan
disemprotin;disemprotkan
disimpen;disimpan
disink;disini
diskripsi;deskripsi
ditambahin;ditambahkan
diteeima;diterima
diteken;ditekan
ditelfon;ditelepon
ditempelin;ditempelkan
ditidurin;ditidurkan
ditinggkatkan;ditingkatkan
dkasih;dikasih
dkirim;dikirim
dll;dan lain lain
dmakan;dimakan
dmobil;dimobil
doble;dobel
dos;dus
dpake;dipakai
dpencet;dipencet
dpet;dapat
dspet;dapat
dsri;dari
efekny;efeknya
eksim;eksem
emaknya;ibunya
ente;kamu
eprlu;perlu
fotocopy;fotokopi
fotocopyannya;fotokopinya
fotokopi;fotokopi
fotokopian;fotokopi
freeongkir;free ongkir
plat;pelat
gaada;tidak ada
gabikin;tidak bikin
gamoang;gampang
gamungkin;tidak mungkin
ganyangka;tidak menyangka
gapapa;tidak apa apa
gapapa;tidak apa apa
gaperlu;tidak perlu
gaperna;tidak pernah
gasuka;tidak suka
gemes;gemas
gemesin;menggemaskan
gokss;gokil
gokzzzzz;gokil
gorengaannn;gorengan
gosah;tidak usah
gua;aku
gunain;gunakan
haduh;aduh
hany;hanya
hanyarl;hanya
hape;hp
haraga;harga
hargapun;harga pun
haturkan;sampaikan
hidupin;hidupkan
itungannya;hitungannya
kalopun;kalaupun
katakananya;katakannya
kebuka;terbuka
kendor;kendur
kepake;terpakai
kepakeeee;terpakai
kepengen;ingin
pisan;banget
kerjasamanya;kerja samanya
kesel;kesal
keselip;terselip
kkrgan;kekurangan
kokokh;kokoh
komplek;kompleks
komplen;komplain
komplin;komplain
komplit;komplet
komplit;komplet
kondisibrussk;kondisi rusak
konfimasi;konfirmasi
kordinasi;koordinasi
korekapielektriknya;korek api elektriknya
ksong;kosong
kualias;kualitas
kudu;harus
kulitt;kulit
kullirr;kurir
kumel;kumal
kuriri;kurir
kurleb;kurang lebih
kuuu;ku
kuuuh;ku
kwalitas;kualitas
kwalitasnya;kualitasnya
kwantitas;kuantitas
kwintal;kuintal
lagiiiiiiii;lagi
lakuemas;laku emas
lamaa;lama
lamaaa;lama
lamaaaaa;lama
lancaarr;lancar
lancarr;lancar
lembab;lembap
leptop;laptop
lipet;lipat
lmbat;lambat
lmbr;lembar
lmyan;lumayan
lmyn;lumayan
lngganan;langganan
lngsg;langsung
lobang;lubang
lqma;lama
lrbih;lebih
lsgi;lagi
lsng;langsung
lualitas;kualitas
luamaaaaaaaa;lama
luamg;luang
luarbiasa;luar biasa
lubangi;dilubangi
lucin;licin
lumayannj;lumayan
lunturrrrr;luntur
maaantap;mantap
mantappissan;mantap banget
mantappp;mantap
mash;masih
mateng;matang
matiin;mematikan
matiinya;matinya
matrial;material
maturnuwun;terima kasih
mdh;mudah
mdh;mudah
mefet;mepet
meledagh;meledak
melembabkan;melembapkan
mencetnya;memencet
mengantri;mengantre
mengkilap;mengilap
meresappp;meresap
mesen;pesan
mesennya;memasannya
mesn;mesin
mie;mi
min;admin
minesnya;minusnya
minesnya;minusnya
minn;admin
minnn;admin
minnnn;admin
minumnyaaa;minumnya
minusny;minusnya
mkn;makan
muter;memutar
nabung;menabung
naro;taruh
naruh;taruh
nekan;tekan
nekuk;tekuk
nembus;menembus
nemplok;menemplok
nemu;ketemu
nenangin;menenangkan
nerka;terka
ngancing;mengancing
ngasal;mengasal
ngebaca;membaca
ngedrop;mengedrop
nomer;nomor
nugas;menugas
nunda;menunda
nungguin;menunggu
nunnggu;nunggu
nyesal;menyesal
nyesallll;menyesal
nyeseell;menyesal
orangtua;orang tua
orii;ori
otodidak;autodidak
pake;pakai
pakee;pakai
pakeet;paket
pakenya;pakainya
paketbtelah;paket telah
pakety;paket
peketnya;paketnya
pelangan;pelanggan
pelapakpun;pelapak pun
pelayananan;pelayanan
pemaikan;pemakaian
pembekian;pembelian
pembeliannselanjutnya;pembelian selanjutnya
pembeluan;pembelian
pemjual;penjual
penfiriman;pengiriman
pengantarannyabjuga;pengantarannya juga
pengenin;pengin
pengepakkan;pengepakan
penggunaanya;penggunaannya
pengirimah;pengiriman
pengirimanny;pengirimannya
pengirimn;pengiriman
pengirimsn;pengiriman
pengiruman;pengiriman
penguriman;pengiriman
peniriman;pengiriman
penjilitannya;penjilidannya
penjualr;penjual
penjualramah;penjual ramah
penyokin;penyok
perfoma;performa
pmakaian;pemakaian
pnas;panas
pngirimn;pengiriman
pngriman;pengiriman
pngrman;pengiriman
pntg;penting
poll;pol
poolll;pol
pooolllll;pol
postighan;postingan
potonganny;potongannya
promoooooo;promo
punyailah;mempunyai
rapu;rapuh
rejekinya;rezekinya
rekomendes;rekomendasi
rendem;random
resletingnya;ritsletingnya
resletingnya;ritsletingnya
respon;respons
respon;respons
retsluiting;ritsleting
riber;ribet
ridak;tidak
rrkomendasi;rekomendasi
rwspon;respon
saia;saya
sajadahny;sajadahnya
sampoo;sampo
sampsi;sampai
sangatcberguna;sangat berguna
sangsi;sanksi
saos;saus
sayaaaaa;saya
sbelumnya;sebelumnya
sbesar;sebesar
sblmnya;sebelumnya
sbnrnya;sebenarnya
sdgkan;sedangkan
seauai;sesuai
sebelym;sebelum
seblum;sebelum
seboga;semoga
sediain;menyediakan
sedikitpun;sedikut pun
seduai;sesuai
seharunya;seharusnya
sekluarga;sekeluarga
selalunmemuaskan;selalu memuaskan
selaluuuuu;selalu
sellu;selalu
semebtara;sementara
semept;sempat
semiga;semoga
semogo;semoga
semopat;sempat
sempuran;sempurna
senterin;menyenteri
sepatuny;sepatunya
sepatunyaharga;sepatunya harga
sepeeti;seperti
sepeti;seperti
seppppppp;sip
sereh;serai
seringkali;sering kali
serumny;serumnya
seruuuuu;seru
setatus;status
setaun;setahun
setelahny;setelahnya
setelaj;setelah
setingin;setingan
setres;stres
setrikaan;setrikaan
setrikana;setrikaan
seuai;sesuai
sgini;segini
sgitu;segitu
sgni;segini
sgr;segera
shampo;sampo
shampo;sampo
shampoo;sampo
shg;sehingga
siapapun;siapa pun
siapin;siapkan
sieh;sih
siiiip;sip
siiip;sip
siiippp;sip
siipppp;sip
sikecil;si kecil
silelet;si lelet
sinya;sinyal
sip lah;bagus
sipenjual;si penjual
siplah;sip
sleting;ritsleting
sooppaann;sopan
souvenir;suvenir
sptnya;sepertinya
spty;sepertinya
stalh;setelah
stokan;stok
stroom;setrum
suar;suara
suatw;suatu
sumut;sumatera utara
suppeeerrr;super
susuailah;sesuai
suwun;terima kasih
syrupnya;sirupnya
system;sistem
takerinnya;menakarnya
takute;takutnya
taliinnya;talinya
tambahhhhhjjan;tambahan
tanganannya;tangannya
tanggungjawab;tanggung jawab
tapigapap;tapi tidak apa
tapu;tapi
taro;taruh
tb tb;tiba tiba
tbel;tebal
teb mantap;mantap
tek tokan;koordinasi
teken;tekan
ter registrasi;teregistrasi
tereh;cepat
terima kasihbpengiriman;terima kasih pengiriman
terkonek;terkoneksi
thd;terhadap
thr;tunjangan hari raya
tiada tara;tidak tertandingi
tidakt;tidak
tokh;tokoh
tokonja;tokonya
tolerir;toleransi
tolongvdigsnti;tolong diganti
tq;terima kasih
tqyuuuuuuuuuuuu;terima kasih
trx;transaksi
trys;terus
ts;terima kasih
ttd;tanda tangan
ttpi;tapi
tumblernya;tumbler
tumblr;tumbler
tumblrnya;tumbler
uapikkkk;bagus
ucing;kucing
ugaa;juga
untukko;untuk toko
untukmbol;tombol
usilin;usil
utnk;untuk
variant;varian
vedio;video
vermak;permak
videoin;video
vidio;video
vit;vitamin
vit di;vitamin d
vitur;fitur
vocalnya;vokal
vol;volume
vulkanisir;vulkanisasi
vulkanisir;vulkanisasi
yakali;ya kali
yasudahlah;ya sudahlah
yaudahlah;ya sudahlah
aamanah;amanah
aamiim;amin
aammaannn;aman
abak;bapak
abangg;abang
abangkuh;abangku
abiieess;habis
abisin;habis
adabya;adanya
adak;agak
adata;data
adeem;adem
adm;admin
adminn;admin
adminya;adminnya
ads;ada
aemoga;semoga
aestetik;estetik
aesuai;sesuai
affiliauntukr;afiliator
aga;agak
agaakk;agak
agankuh;agan
agian;bagian
agutus;agustus
ahamdulilah;alhamudulillah
ajieb;ajib
ajiiib;ajib
akak;kakak
akhirny;akhirnya
aktifasi;aktivasi
aktifin;mengaktifkan
akucocok;aku cocok
akuuuu;aku
alhamdulilaahhhh;alhamudulillah
alhamdulilah;alhamudulillah
alhamdulillaah;alhamudulillah
alhamlillahh;alhamdulillah
alhamsulilah;alhamdulillah
alhmdulaillah;alhamdulillah
alhmduliah;alhamdulillah
alhmdulillah;alhamdulillah
alkhamdulillah;alhamdulillah
allhamdaulilah;alhamdulillah
alumnium;aluminium
alumuniumnya;aluminiumnya
alus;halus
pisan;sekali
amaaaannnn;aman
amam;aman
amann;aman
amannn;aman
amman;aman
amnh;amanah
anaku;anakku
ancur;hancur
ane;saya
angen;angan
anjj inggg;anjing
antigoresnya;anti goresnya
antislip;tidak slip
apagunanya;apa gunanya
apbl;apabila
apik cik;bagus
apr;april
asboos;penambah ASI
asibooster;penambah ASI
aslie;asli
aslii;asli
aslillllllllllllllllll;asli
assiikk;asik
audah;sudah
auk ah;tidak tahu
aweeettttt;awet
awett;awet
awettt;awet
awlooo;halo
baagusssss;bagus
baaik;baik
babang;abang
badang;barang
badayyy;badai
baeang;barang
baek;baik
bagettt;banget
baggus;bagus
bagsu;bagus
bagud;bagus
baguems;bagus
bagur;bagus
bagusbgt;bagus banget
bagush;bagus
baguspp;bagus
bagusppp;bagus
baguspppp;bagus
bagusss;bagus
bagusssss;bagus
bagussssss;bagus
bagusssssss;bagus
bagussssssss;bagus
bagussssssssses;bagus
bagussssssssss;bagus
bagusssssssssssses;bagus
bagussssssssssssssssssssssssssssssssssss;bagus
baguus;bagus
baguuss;bagus
baguussss;bagus
baguuusss;bagus
baguuussss;bagus
baguuusssss;bagus
baguuuuuus;bagus
baguuuuuussssssss;bagus
baguuuuuuuuuuuus;bagus
baham;bahan
bahanjya;bahannya
bahannyaa;bahannya
bahanya;bahannya
baiik;baik
baikz;baik
bail;baik
baim;baik
bakalan;akan
banarang;barang
banged;banget
bangeddd;banget
banger;sangat
bangetttttttt;banget
bangettttttttt;banget
bangetttttttttt;banget
bangetz;banget
banggettr;banget
bangusss;bagus
banyaaaaak;banyak
banyakk;banyak
barabgnya;barangnya
baramg;barang
baranf;barang
barangggnya;barangnya
barangny;barangnya
barangx;barangnya
baranh;barang
bararang;barang
barokah;berkah
barsng;barang
basahin;membasahi
baso;bakso
batre;baterai
batrei;baterai
batreinya;baterainya
batrenya;baterai
battre;baterai
bauk;bau
baunyaa;baunya
bauuu;bau
bawany;bawanya
bberapa;beberapa
bdg;Bandung
beba;bebas
beberapakali;beberapa kali
bebs;bebas
beegaransai;bergaransi
befungsi;berfungsi
bekel;bekal
belaja;belanja
belibet;berbelit
belii;beli
belm;belum
belnja;belanja
beneeeeeeeer;benar
berakah;berkah
berfungs;berfungsi
berfungsu;berfungsi
berfunsgsi;berfungsi
berfunsin;berfungsi
berkalinkali;berkali kali
berkwalitas;berkualitas
bermanfa at;bermanfaat
berpungsi;berfungsi
berpunsi;berfungsi
bersihin;bersih
bertaun;bertahun
berulanh;berulang
bet;banget
betuls;betul
bggttt;banget
bgr;Bogor
bgth;banget
bgtz;banget
bgusss;bagus
bguz;bagus
bhan;bahan
bhat;buat
biak;baik
biarbterhalang;biar terhalang
binun;bingung
birdong;biru dongker
biruu;biru
bissmillah;bismillah
biyar;biar
blanja;belanja
blend;blender
blendnya;campurnya
blumm;belum
bmyk;banyak
bneran;beneran
bngat;banget
bochel;bocil
bochor;bocor
bocilq;bocilku
boksnya;kardusnya
bolongin;membolongi
bongkae;bongkar
bonusan;bonus
bonusannya;bonusnya
boongan;bohong
booosss;bos
boos;bos
bosque;bosku
bossku;bosku
boz;bos
bqgus;bagus
brang;barang
bray;kawan
bre;kawan
brg;barang
brgnya;barangnya
brmanfaat;bermanfaat
brng;barang
brngnya;barangnya
bro;kawan
broo;kawan
brooo;kawan
bruntusan;beruntusan
bruntusanku;beruntusanku
bsknya;besoknya
buagus;bagus
buaguss;bagus
buangetz;banget
buatnlrmpar;buat lempar
bukaannya;bukannya
bukujya;bukunya
bukuu;buku
buleta;buletan
butex;butek
bykkk;banyak
cacad;cacat
cakeeeeeeeep;cakep
cakeeeppp;cakep
cakeppp;cakep
cakeppppp;cakep
cakeup;cakep
cakeuppp;cakep
capat;cepet
capekk;capek
cassannya;pengisi daya
cck;cocok
cekaliiii;sekali
celanan;celana
celananyaa;celananya
celat;cepat
ceoet;cepat
cepa;cepat
cepaaaaaaat;cepat
cepaaaat;cepat
cepaat;cepat
cepaattt;cepat
cepaet;cepat
cepatt;cepat
cepatttt;cepat
cepay;cepat
cepeettt;cepat
cepet;cepat
cepetttttttt;cepat
cepppaaattt;cepat
cept;cepat
ceritain;ceritakan
ceritain;ceritakan
ciamikkk;ciamik
ciwi;cewek
ciyus;serius
clna;celana
cocoookk;cocok
cocoookkkkkkkkkkkkkkkkkkkkkkkkkkkkkkk?kkkkkkkkkkk;cocok
coklat;cokelat
coplok;copot
cot;cepat
cpat;cepat
cptbgt;cepat banget
cuepet;cepat
cuyy;cuy
cuyyyyy;cuy
daaahhhh;udah
daapt;dapat
dab;dan
dahhhhh;dah
dak;tidak
dalem;dalam
dalemannya;dalamannya
dalemnya;dalamnya
dalemnya;dalamnya
dam;dan
dangaaan;dengan
dangat;sangat
dannn;dan
dansangat;dan sangat
datngnya;datangnya
dbawa;dibawa
dcoba;dicoba
deakripsi;deskripsi
dekorny;dekornya
dekripsi;deskripsi
deksripsi;deskripsi
demgan;dengan
denggan;dengan
deskribsi;deskripsi
deskripai;deskripsi
deskrisi;deskripsi
dezkripsi;deskripsi
dibetulin;diperbaiki
diciba;di coba
dicobain;dicoba
diitung;dihitung
dik;di
dikat;di ikat
dilipet;di lipat
dipakainua;dipakainya
disnya;dusnya
ditggu;ditunggu
ditrima;diterima
ditrm;diterima
dituker;ditukar
diturutin;dituruti
dkrim;dikirim
dkt;dekat
dngn;dengan
doangg;doang
dpat;dapat
dqri;dari
dst;dan seterusnya
dtang;datang
dtgnya;datangnya
dtng;datang
durennya;duriannya
dus;kardus
ekpektasi;ekspektasi
ekpestasi;ekspektasi
ekpetasi;ekspektasi
ekspesitas;ekspektasi
ekspetasi;ekspektasi
ekspetasiii;ekspektasi
empukkk;empuk
enaaaaak;enak
enaaak;enak
enaak;enak
enakk;enak
enakkk;enak
enakkkk;enak
enakkkkkk;enak
enda;tidak
eneg;enek
enggak;tidak
espektasi;ekspektasi
faham;paham
fapat;dapat
fb;facebook
gaannnnnn;gan
gabakalan;tidak bakalan
gajelass;tidak jelas
gakbau;tidak bau
gakpang;gampang
gambr;gambar
garcep;gercep
gasssss;gas
gatel;gatal
gedee;gede
gemoy;gemoi
gercepp;gercep
ggigi;gigi
giiilllaa;gila
goodjob;good job
greacep;gercep
halooooooo;halo
handphone;hp
hangaaatt;hangat
harganyaaa;harganya
hargax;harganya
harusny;harusnya
haruss;harus
haruum;harum
hatur nuhun;terima kasih
hjn;hujan
hrg;harga
hrga;harga
hrganya;harganya
hrpkn;harapkan
hrpn;harapan
huat;buat
icip;cicip
ijin;izin
ijo;hijau
iklaaan;iklan
ikutin;ikuti
imuts;imut
indak;tidak
instropeksi;introspeksi
jafi;jadi
jagan;jangan
jait;jahit
jaitan;jahitan
jaman;zaman
jangansampai;jangan sampai
jatuhny;jatuhnya
jdnya;jadinya
jerni;jernih
jgaa;juga
jgaaaaa;juga
jht;jahat
joba;coba
jugaaaaa;juga
junlah;jumlah
kadaluarsa;kedaluwarsa
kadaluarsanya;kedaluwarsanya
kaga;tidak
kalaumau;kalau mau
kaliiiii;kali
kalinyaa;kalinya
kalo;kalau
kaos;kaus
karwna;karena
kaw?;kw
kayanya;kayaknya
kayk;kayak
kcptn;kecepatan
kcuali;kecuali
kebaca;terbaca
kebuang;terbuang
kebuka;terbuka
kecewan;kecewa
kecilin;kecilkan
kecill;kecil
kekcilan;kekecilan
kekecilin;kekecilan
kekuranganya;kekurangannya
kelassssssss;kelas
kelean;kalian
kelen;kalian
kelupas;mengelupas
kenaoa;kenapa
kenceng;kencang
kereeenn;keren
kereen;keren
kereens;keren
kerennnnnnnnnnnnnn;keren
keriga;ketiga
keringgg;kering
kermh;kerumah
kerreeennn;keren
keterngannya;keterangannya
keti;ketiak
kgk;tidak
kimunikatif;komunikatif
kiraen;kirain
kirimjg;kirim juga
kkciiiilllll;kecil
klhtan;kelihatan
kmbli;kembali
kmudian;kemudian
knap;kenapa
knapa;kenapa
kototr;kotor
krannya;kerannya
krdus;kardus
kren;keren
krg;kurang
kuakitas;kualitas
kualiatasnya;kualitasnya
kuallita;kualitas
kuang;kurang
kuatir;khawatir
kuleb;kurleb
kumplit;komplit
kuramg;kurang
kureng;kurang
kurr;kurir
kwaliatas;kualitas
kwalitas;kualitas
emaa;emas
lancarrr;lancar
langanan;langganan
langgananan;langganan
langgganan;langganan
langs;langsung
langsng;langsung
langsunh;langsung
lansung;langsung
lantjar;lancar
larena;karena
lebgkap;lengkap
lebi;lebih
lebib;lebih
lucuuuuk;lucu
lumayam;lumayan
lumayanenak;lumayan enak
lumyan;lumayan
lurusinnya;meluruskannya
maaci;terima kasih
maen;main
makacii;terima kasih
makash;terima kasih
makasi;terima kasih
makasihh;terima kasih
makasii;terima kasih
makasiih;terima kasih
makasiihh;terima kasih
makasiihhb;terima kasih
makasiii;terima kasih
makenya;memakainya
maknyos;maknyus
maks;maksimal
makyus;maknyus
mamgtap;mantap
mamtap;mantap
manah;mana
mangkok;mangkuk
mangtab;mantap
manjangin;memanjangkan
mankabbbss;mantap
mannttaaabbb;mantap
manrabbb;mantap
manta;mantap
mantaa;mantap
mantaaaaaaaaap;mantap
mantaaaaaaap;mantap
mantaaaaaab;mantap
mantaaaaaap;mantap
mantaaaaaapp;mantap
mantaaaaap;mantap
mantaaaab;mantap
mantaaaap;mantap
mantaaaapppp;mantap
mantaaaapppppp;mantap
mantaaab;mantap
mantaaabbbbbbbb;mantap
mantaaaff;mantap
mantaaappp;mantap
mantaaapppp;mantap
mantaab;mantap
mantaabb;mantap
mantaabbbb;mantap
mantaafff;mantap
mantaapp;mantap
mantaapppp;mantap
mantab;mantap
mantab;mantap
mantabb;mantap
mantabbb;mantap
mantabbb;mantap
mantabbbb;mantap
mantabbbbbb;mantap
mantabbssss;mantap
mantabh;mantap
mantablah;mantaplah
mantabs;mantap
mantabss;mantap
mantabsss;mantap
mantabz;mantap
mantabzz;mantap
mantaf;mantap
mantafff;mantap
mantafs;mantap
mantap;mantap
jiwaaa;jiwa
mantapb;mantap
mantaphh;mantap
mantapppp;mantap
mantappppp;mantap
mantappppppp;mantap
mantappppppppp;mantap
mantappppppppppp;mantap
mantapps;mantap
mantaps;mantap
mantapss;mantap
mantapssss;mantap
mantapu;mantap
mantapzz;mantap
mantatap;mantap
mantav;mantap
mantebbb;mantap
mantebs;mantap
manteeb;mantap
manteeeep;mantap
manteeeepp;mantap
manteeep;mantap
manteeepp;mantap
manteo;mantap
manteppppp;mantap
mantepss;mantap
manthap;mantap
mantjab;mantap
mantlapp;mantap
mantp;mantap
mantrraaaabbbbb;mantap
mantull;mantul
mantulll;mantul
mantullll;mantul
mantulllll;mantul
mantuls;mantul
mantuuull;mantul
mantuuulll;mantul
matab;mantap
matap;mantap
matrial;material
matrialnya;materialnya
mayanlah;lumayanlah
mazang;masang
mbtp;mantap
mebunjukan;menunjukkan
melembabkan;melembapkan
membetuk;membentuk
memcahkan;memecahkan
memgingat;mengingat
memuasken;memuaskan
memuaskn;memuaskan
mendem;mendam
menurutt;menurut
menyalaaa;menyala
merespin;merespons
merespon;merespons
meriaaah;meriah
mevvah;mewah
mgelihat;melihat
mhn;mohon
mimin;admin
miminnya;adminnya
mkaasih;terima kasih
mkasi;terima kasih
mkasih;terima kash
mkasiih;terima kasih
mkch;terima kasih
mksi;terima kasih
mmin;admin
mncari;mencari
mncul;muncul
mndarat;mendarat
mndingan;mendingan
mngkn;mungkin
mntap;mantap
mntep;mantap
mntp;mantap
mnurut;menurut
mnurutku;menurutku
moga2;semoga
moso;masa
motifasi;motivasi
msg;masing
msi;masih
muaat;muat
muantab;mantap
muantabs;mantap
muantappp;mantap
muantttaaaap;mantap
mudha;mudah
muluss;mulus
mumer;murmer
mungkinkalau;mungkin kalau
mungkinkarena;mungkin karena
muraaah;murah
muraah;murah
muraahh;murah
murahh;murah
mureehh;murah
naikin;menaikkan
nasip;nasib
nemenin;menemani
ngabisin;menghabiskan
ngajukan;mengajukan
ngalamin;mengalami
ngambil;mengambil
nganter;mengantar
ngaruh;berpengaruh
ngebosenin;membosankan
ngebuka;membuka
ngebuttt;negbut
ngecas;mengecas
ngecewain;mengecewakan
ngehapusnya;menghapusnya
ngelebihin;melebihkan
ngelembabin;melembapkan
ngelupas;mengelupas
ngepas;mengepas
ngerakitnya;merakitnya
ngerapiin;merapikan
ngerekat;merekat
ngerutinin;merutinkan
nggakjadi;enggak jadi
nggantung;gantung
ngirimnya;mengirimnya
ngisi;mengisi
ngoten;mengonten
ntaps;mantap
nyalain;menyala
nyalurin;menyalurkan
nyambungin;menyambungkan
nyampai;sampai
nyampe;sampai
nyampek;sampai
nyampenya;sampainya
nyangkut;menyangkut
nyantai;menyantai
nyantumin;mencantumkan
nyarik;mencari
nyelip;menyelip
nyetak;mencetak
nyetrika;menyetrika
nymn;nyaman
nympe;sampai
oanas;panas
oasang;pasang
oatah;patah
oek;oke
oembelian;pembelian
oengiriman;pengiriman
oesanan;pesanan
okay;oke
okee;oke
okeee;oke
okeeeee;oke
okeeeeeee;oke
okehhh;oke
okehlah;okelah
okela;okelah
okelahh;okelah
oker;oke
okesih;oke sih
okey;oke
okey;oke
okk;oke
okke;oke
okkee;oke
okkk;oke
okky;oke
okok;oke
oks;oke
packet;paket
pakett;paket
pakoknya;pokoknya
palanya;kepalanya
panassss;panas
panjangggg;panjang
paraaaaah;parah
paraaaahhh;parah
passss;pas
pebgiriman;pengiriman
peforma;performa
pegamg;pegang
pendekin;memendekan
pengiraman;pengiriman
pengiran;pengiriman
pesaman;pesanan
pesanankuu;pesananku
pesenan;pesanan
perlayanan;pelayanan
pesana;pesanan
pesanaaaaaaan;pesanan
pesanann;pesanan
pesann;pesanan
pesannlagi;pesan lagi
pkokoknya;pokoknya
pesenan;pesanan
pesennya;pesannya
pesn;pesan
pessnsn;pesanan
petosopyg;petosop yang
pgiriman;pengiriman
pingin;pengin
pinginnya;penginnya
pingiriman;pengiriman
pngiriman;pengiriman
pket;paket
pkir;pikir
pkkokknya;pokoknya
pkok;pokok
pkonya;pokoknya
pkt;paket
pokokx;pokoknya
polyester;poliester
pokoe;pokok
pokoke;pokoknya
pokokeok;pokok
pokona;pokoknya
pokonya;pokoknya
pokonyaaa;pokoknya
ponaan;ponakan
pralon;paralon
produkny;produknya
produknyaa;produknya
produks;produk
professional;profesional
prosesss;proses
pua;puas
puaaas;puas
puass;puas
puasss;puas
puassss;puas
puassssaa;puas
puasssss;puas
pungsi;fungsi
punyaa;punya
putihh;putih
putsal;futsal
puuaaass;puas
qw;aku
prtama;pertama
prtama;pertama
pruduknya;produknya
psanan;pesanan
psang;pasang
psng;pasang
rasany;rasanya
rafi;rapi
ramahh;ramah
ramahhh;ramah
ramahhhhh;ramah
rapihh;rapi
rapii;rapi
rbuan;ribuan
reami;resmi
rebu;ribu
rebuan;ribuan
rekomen;rekomendasi
resliting;ritsleting
responsip;responsif
salute;salut
samoai;sampai
samoe;sampai
sampaii;sampai
sampaiiiii;sampai
sampaindengan;sampai dengan
sampay;sampai
sampeee;sampai
sampeeee;sampai
sampeknya;sampainya
sampenya;sampainya
samsek;sama sekali
sangaaaaaat;sangat
sangaat;sangat
saudah;sudah
sayaangnya;sayangnya
sayangnh;sayangnya
sayangny;sayangnya
sejadah;sajadah
sejadahnya;sajadahnya
sekalihhh;sekali
sekalihhhhhhhhhhhhhhhh;sekali
sekaliii;sekali
sekaliiiiiiiiii;sekali
sekaliiiiiiiiiiiiiiiiiii;sekali
sekli;sekali
semuaa;semua
semuany;semuanya
senangnyaaaa;senangnya
senengnya;senangnya
senengnya;senangnya
seomga;semoga
sesaui;sesuai
seseuai;sesuai
sesua;sesuai
sesuaai;sesuai
sesuaii;sesuai
sesuaiii;sesuai
sesuaiiii;sesuai
sesuaiiiiii;sesuai
sesuaiiiiiii;sesuai
sesuay;sesuai
sesue;sesuai
sesuey;sesuai
sesui;sesuai
sesusi;sesuai
sesusuai;sesuai
sesuwae;sesuai
sesuwai;sesuai
seusai;sesuai
sexali;sekali
sililonya;silikonnya
sippp;sip
sipppp;sip
sisah;sisa
sisini;disini
sjadah;sajadah
slaluu;selalu
smape;sampai
sminggu;seminggu
smoga;semoga
smogq;semoga
smpainya;sampainya
smpat;sempat
smpenya;sampainya
smpi;sampai
smuanya;semuanya
sngat;sangat
sodara;saudara
sosmed;sosial media
splusi;solusi
srlalubekerja;selalu bekerja
srmoga;semoga
ssngat;sangat
ssuai;sesuai
steples;staples
sugab;bagus
sukakk;suka
sumpahhhhh;sumpah
superb;super
superrr;super
susahhh;susah
suskes;sukses
susuai;sesuai
syekali;sekali
syudah;sudah
syuka;suka
syukaa;suka
tadii;tadi
tajem;tajam
tanggapdan;tanggap dan
tapiiii;tapi
tapmantap;mantap
tasny;tasnya
tb;tiba
tebalbya;tebalnya
tebell;tebal
tebelnya;tebalnya
teksturny;teksturnya
telaat;telat
telfon;telepon
telor;telur
terbaiiik;terbaik
terbaiiique;terbaik
terbaikk;terbaik
terbaique;terbaik
tercocokkk;tercocok
terfavoritttt;terfavorit
kasihh;kasih
kasihs;kasih
ksi;kasih
terimakasih;terima kasih
terimakasihhh;terima kasih
terimakasihhhh;terima kasih
terimakasihhhhhhhhhhhhhh;terima kasih
terimakasiiiiii;terima kasih
terimkash;terima kasih
terimkasih;terima kasih
terimskasih;terima kasih
terjamim;terjamin
terjma kasih;terima kasih
terkahir;terakhir
termkash;terima kasih
termurahhhhhhhh;termurah
terpalidasi;tervalidasi
tersamarkaaan;tersamarkan
teryata;ternyata
tess;tes
tetao;tetap
tetapiiiii;tetapi
tiati;hati hati
tidakw;tidak
tidal;tidak
tidk;tidak
tifak;tidak
tipus;tipis
tjakep;cakep
tkasih;terima kasih
tko;toko
tks;terima kasih
tksh;terima kasih
tlfn;telepon
tlglah;tolonglah
tlpon;telepon
tmnnya;temannya
tnyt;ternyata
toko pedia;tokopedia
tokopediaaaa;tokopedia
tokped;tokopedia
tokped;tokopedia
tolakangin;tolak angin
toped;tokopedia
toped;tokopedia
topedia;tokopedia
topinyaaaaa;topinya
toples;stoples
topp;top
toppppp;top
tpis;tipis
tpt;tepat
trimakasi;terima kasih
trimakasih;terima kasih
trimk;terima kasih
trimkasih;terima kasih
trimks;terima kasih
trimksh;terima kasih
trm;terima
ksh;kasih
trma;terima
trma ksih;terima kasih
trmh;terima
trmks;terima kasih
trmksh;terima kasih
trmksih;terima kasih
trms;terima kasih
trnksh;terima kasih
trnyata;ternyata
trrima;terima
trtapi;tetapi
tudak;tidak
tujuann;tujuan
tuk;untuk
tuker;tukar
turunkn;turunkan
tyap;tiap
tyt;ternyata
uaweeettttttttt;awet
ud;udah
udah;udah
ude;udah
ujan;hujan
uk;ukuran
ukuuran;ukuran
ulangulang;ulang ulang
umut;umur
unt;untuk
untku;untuk
untukk;untuk
untungvmalam;untung malam
utk;untuk
waaah;wah
waaahh;wah
wae;saja
wajarr;wajar
walo;walau
walopun;walaupun
walopun;walaupun
walupun;walaupun
wangii;wangi
wangiiiiii;wangi
wanginy;wanginya
wanginyaa;wanginya
watna;warna
wlw;walau
wokeyy;oke
woooww;wow
wrna;warna
xepat;cepat
xnya;kalinya
yaaaaa;ya
yaaaaaaaaaaaa;ya
yaaaah;yah
yamg;yang
yasudah;ya sudah
yauda;ya sudah
yaudah;ya sudah
yas;ya
ydk;tidak
yha;ya
balikin;kembalikan
boss;bos
bosss;bos
direspon;direspons
servisk;servis
recomendasi;rekomendasi
goodbgt;good banget
ong;ongkir
expedisi;ekspedisi
expedisinya;ekspedisinya
expektasi;ekspektasi
expetasi;ekspektasi
expextasi;ekspektasi
expectasi;ekspektasi
esangat ;sangat
after sales service;layanan purna jual
after salesnya;layanan purna jualnya
aftersales;purna jual
aftersalesnya;purna jualnya
anboxingnya;membuka kemasannya
aple;apel
apps;aplikasi
appsnya;aplikasinya
arigatou;terima kasih
babble wrap;
babel krep;
bablewrap;
backgroundnya;latar belakangnya
barbel warp;
barcide;kode batang
barcode;kode batang
barcodenya;kode batangnya
barcord;kode batang
barkod;kode batang
barkode;kode batang
barkot;kode batang
bathnya;mandinya
batry;baterai
battrey;baterai
bbaground;background
bcs;karena
beby;bayi
bedebest;terbaik
bestnya;yang terbaik
besttt;terbaik
bltth;bluetooth
blutut;bluetooth
boxnya;kotaknya
brandnew;merek baru
bubble;gelembung
bubble warp;pelindung gelembung
bubble wrap;pelindung gelembung
bubble wrapnya;pelindung gelembungnya
bubble wrapped;terbungkus gelembung
bubblebwrap;pelindung gelembung
bubblerap;pelindung gelembung
bubbles;gelembung
bubblewarp;pelindung gelembung
bubblewrap;pelindung gelembung
buble;gelembung
buble warp;pelindung gelembung
buble wrap;pelindung gelembung
bublewarp;pelindung gelembung
bublewrap;pelindung gelembung
bublewrapnya;pelindung gelembung
build quality;kualitas rakitan
buildnya;rakitannya
built in;tertanam
built quality;kualitas rakitan
cekout;pembayaran
charge;isi daya
charged;sudah diisi daya
charger;pengisi daya
charging;sedang mengisi daya
chargingnya;pengisian dayanya
check;cek
history;riwayat
check out;pembayaran
checking;memeriksa
checkout;pembayaran
communication;komunikasi
compatible;kompatibel
competitif;kompetitif
competitive;kompetitif
complain;keluhan
conditioner;pelembut rambut
conditionernya;pelembut rambutnya
conek;hubungkan
confrmasi;konfirmasi
connect;hubungkan
conten cretorrr;pembuat konten
control;kendali
controller;pengendali
controller pro;pengendali profesional
controllernya;pengendalinya
cover;penutup
coverage;cakupan
coveragenya;cakupannya
covernya;penutupnya
coz;karena
cust;pelanggan
custemer;pelanggan
custom;kustom
customer;pelanggan
customer care;layanan pelanggan
customer service;layanan pelanggan
customer servicenya;layanan pelanggannya
customer servis;layanan pelanggan
custoner;pelanggan
cute;imut
cutingannya;potongannya
cutingnya;potongannya
cutter;pemotong
cutting;pemotongan
cuttingan;potongan
cuttingannya;potongannya
cuttingnya;potongannya
dbes;terbaik
de best;terbaik
delai;penundaan
delay;penundaan
delivered;telah dikirim
delivery;pengiriman
dicharge;dicas
dicharger;dicas
dichat;diobrolkan
dihandle;ditangani
diorder;dipesan
dipack;dikemas
dipacking;dikemas
dipairing;dipasangkan
diredeem;ditukar
diredemm;ditukar
direfund;dikembalikan
direquest;diminta
diretur;diretur
direview;diulas
diriview;diulas
disc;diskon
discount;diskon
disetting;disetel
disetting;disetel
driver;pengemudi
drivernya;pengemudinya
drlivery;pengiriman
entrynya;masukannya
brakenya;remnya
excelen;sangat baik
excelent;sangat baik
ex date;tanggal kedaluwarsa
exp;kedaluwarsa
exp date;tanggal kedaluwarsa
exp datenya;tanggal kedaluwarsanya
expaire;kedaluwarsa
expcet;harapannya
expdate;tanggal kedaluwarsa
expect;mengharapkan
expected;diharapkan
expire;kedaluwarsa
expired;kedaluwarsa
expired date;tanggal kedaluwarsa
expired datenya;tanggal kedaluwarsanya
expirednya;kedaluwarsanya
expiry;masa berlaku
expiry date;tanggal kedaluwarsa
express;cepat
expresss;cepat
fash respon;respon cepat
fast;cepat
fast charging;pengisian cepat
fast delivery;pengiriman cepat
fast respon;respon cepat
fast respond;respon cepat
fast respone;respon cepat
fast responnya;respon cepatnya
fast respons;respon cepat
fast response;respon cepat
fast responsez;respon cepat
faster;lebih cepat
fastresp;respon cepat
fastrespon;respon cepat
fav seller;penjual favorit
fdabck;umpan balik
feedback;umpan balik
finishing;hasil akhir
finishingnya;hasil akhirnya
flash sale;obral kilat
flash sell;obral kilat
flashsale;obral kilat
flexibel;fleksibel
flexible;fleksibel
floatingnya;yang mengambang
flowswitchnya;saklar alirannya
frame;bingkai
framenya;bingkainya
free;gratis
freezer;pendingin
freh;segar
fres;segar
fresh;segar
freshhh;segar
frezer;pendingin
fsst respon;respon cepat
full;penuh
fullllll;sangat penuh
fully;sepenuhnya
giftnya;hadiahnya
good product;produk bagus
good quality;kualitas bagus
good seller;penjual bagus
goods;barang
goood;bagus
happy;bahagia
hapy;bahagia
help;bantu
help full;sangat membantu
helpful;membantu
helpfull;membantu
helpfulllll;membantu
helpfully;membantu
hepi;senang
highlighter;penyorot
highly recommended;sangat direkomendasikan
hightliter;penyorot
holdernya;penahannya
kettle;ketel
kettlenya;ketelnya
keyboard;papan ketik
keyboarnya;papan ketiknya
kittennya;anak kucingnya
kostomer;pelanggan
lenghtening;memanjangkan
lesgooo;ayo
look;tampilan
looks;terlihat
looksnya;penampilannya
lotion;losion
lotionnya;losionnya
love;cinta
love it;suka sekali
loveit;suka sekali
lowbat;baterai lemah
lowbet;baterai lemah
maping;pemetaan 
mapping;pemetaan
mapping control;pengaturan pemetaan
mapping controllernya;pengontrol pemetaannya
menn;laki laki
menyetting;mengatur
microfhone;mikrofon
mois;lembap
moist;lembap
nais;bagus
naissssssss;bagus
nex order;pesanan berikutnya
next;berikutnya
next day;hari berikutnya
next order;pesanan berikutnya
next orderan;pesanan berikutnya
ngecharge;mengisi daya
ngecrack;retak
ngupload;mengunggah
nice;bagus
nicee;bagus
niceee;bagus
nyetock;menyetok
official;resmi
official store;toko resmi
officiel;resmi 
officre;kantor 
offisial;resmi 
office;kantor
offline;luring
offlinenya;yang luring
ofline;luring
online;daring
online shop;toko online
onlinenya;yang daring
onwer;pemilik
ordee;pesanan
order;pesanan
orderan;pesanan
ordernya;pesanannya
orderr;pesanan
ordrn;pesanan
orginal;orisinal
origilnal;orisinal
origina;orisinal
original;orisinal
originsl;orisinal
over all;keseluruhan
over alla;keseluruhan
overal;keseluruhan
overall;keseluruhan
overral;keseluruhan
ownernya;pemiliknya
package;paket
packaging;kemasan
packagingnya;kemasannya
packeging;kemasan
packing;pengemasan
packingan;kemasan
packingannya;kemasannya
packingnya;kemasannya
pairing;pemasangan
pairingnya;pemasangannya
pakcage;paket
pakcing;pengemasan
pakcking;pengemasan
paking;pengemasan
pakingan;kemasan
pakingannya;kemasannya
pakingnya;kemasannya
pancking;pengemasan
pempersan;popok
pempes;popok
perfect;sempurna
perfecto;sempurna
perfecx;sempurna
pqcking;pengemasan
produck;produk 
product;produk
products;produk
quality;kualitas
quality checknya;pemeriksaan kualitasnya
quality chek;pemeriksaan kualitas
quality control;pengendalian kualitas
quality controlnya;pengendalian kualitasnya
quick;cepat
quick respon;tanggapan cepat
quick response;tanggapan cepat
real;asli
real pic;foto asli
real pict;foto asli
real picture;gambar asli
real size;ukuran asli
reall;asli
really recommended;sangat direkomendasikan
realnya;aslinya
realpict;foto asli 
realpit;foto asli 
realpoct;foto asli 
really;sungguh
really recommended;sangat direkomendasikan
realnya;aslinya
realpict;foto asli
realpit;foto asli
realpoct;foto asli
reccomended;direkomendasikan
recheck;periksa ulang
recom;rekomendasi
recomanded;direkomendasikan
recomeded;direkomendasikan
recomen;direkomendasikan
recomend;direkomendasikan
recomend seller;rekomendasi penjual
recomended;direkomendasikan
recomended seller;penjual yang direkomendasikan
recommeded;direkomendasikan
recommend;rekomendasikan
recommended;direkomendasikan
recommended product;produk yang direkomendasikan
recommended seller;penjual yang direkomendasikan
recommendeddddd;direkomendasikan
recommendedlah;direkomendasikan
redeem;tukarkan
redem;tukarkan
redom;tukarkan
reedem;tukarkan
reelpix;foto asli
refund;pengembalian dana
reject;tolak
rejected;ditolak
rekomend;rekomendasi
rekomend product;produk rekomendasi
rekomend seller;penjual rekomendasi
rekomended;direkomendasikan 
rekomended seller;penjual yang direkomendasikan
rekomendet;direkomendasikan 
rekomendid;direkomendasikan 
rekonek;sambungkan kembali
rekues;permintaan
relapict;foto asli
reprat order;pesanan ulang
repurchase;beli ulang
req;permintaan
reques;permintaan
requess;permintaan
request;permintaan
reselelr;pengecer
reseller;pengecer
resellernya;pengecernya
respond;respons
responded;respons
response;respons
responsiv;responsif
responsive;responsif
retur;pengembalian
return;pengembalian
review;ulasan
reviewnya;ulasannya
safe;aman
safe packing;kemasan aman
safety;keamanan
safety packaging;kemasan aman
safety packing;kemasan aman
safetynya;keamanannya
safty;keamanan
sale;penjualan
saler;penjual
sales;penjualan
saller;penjual
same day;hari yang sama
sameday;hari yang sama
scopenya;cakupannya
scrub;gosok
scrubing;menggosok
seler;penjual
selernya;penjualnya
sellee;penjual
selleer;penjual
seller;penjual
seller good;penjual bagus
sellere;penjual
sellernya;penjualnya
sellerpun;penjual pula
sellerrrr;penjual
sellers;penjual
serller;penjual
service;layanan
servicenya;layanannya
seting;pengaturan
setting;pengaturan
settingan;pengaturannya
settingannya;pengaturannya
shipment;pengiriman
shipping deliverynya;pengirimannya
slow repon;respons lambat
slow respon;respons lambat
slow response;respons lambat
smooth;halus
smoth;halus
so cute;lucu banget
so far;sejauh ini
so far so good;sejauh ini bagus
so far so gud;sejauh ini bagus
social mediaa;media sosial
store;toko
storenya;tokonya
strech;melar
stretch;melar
stretchy;lentur
tangkyuuu;terima kasih 
tengkiyu;terima kasih 
tengkyu;terima kasih 
tengs;terima kasih 
tha best;terbaik 
thakns;terima kasih 
thank;terima kasih
thank u;terima kasih
thank you;terima kasih
thank you so much;terima kasih banyak
thanks;terima kasih
thanks a lot;terima kasih banyak
thanks alot;terima kasih banyak
thankss;terima kasih 
thanku;terima kasih 
thankyou;terima kasih
thankyouu;terima kasih 
thankyouuu;terima kasih 
thanx;terima kasih 
the bast;terbaik 
the bessttt;terbaik 
the best;terbaik
thks;terima kasih
thnks;terima kasih
thq;terima kasih
tirger;trigger
toddlee;balita
touble;masalah
touch;sentuh
tqiu;terima kasih
tquu;terima kasih
trabel;masalah
traning;pelatihan
tubless;tubeless
unboxing;membuka kemasan
unboxingnya;membuka kemasannya
up date;pembaruan
update;pembaruan
vaoucher;vocer
very fast respon;respon sangat cepat
very good;sangat bagus
very hepful;sangat membantu
very like;suka sekali
very recommended;sangat direkomendasikan
very recommended seller;penjual sangat direkomendasikan
very worth it;sangat layak
virified;verifikasi
vocer;vocer
voucer;vocer
voucernya;vocernya
voucher;vocer
vouchernya;vocernya
wahsed off;terbilas
warp;melengkung
warpingnya;kelengkungannya
wateri;berair
wear;pakai
well done;kerja bagus
welldone;kerja bagus
white;putih
white cast;noda putih
whitecast;noda putih
whitening;pemutih
whort it;layak
wired;berkabel
wireles;nirkabel
wireless;nirkabel
work;kerja
working;sedang bekerja
workit;kerja
works;berfungsi
works well too;berfungsi dengan baik juga
worry;khawatir
worst;terburuk
wort;layak
wort id;layak
wort it;layak
wort to buy;layak dibeli
worth;layak
worth it;layak
worth the price;sepadan dengan harga
worth to buy;layak dibeli
worth to try;layak dicoba
worthit;layak
wortit;layak
wrap;bungkus
wrapping;pembungkusan
wrapping paper;kertas kado
xcelent;bagus sekali
yes;ya
yess;ya
you;kamu
yummiii;lezat banget
yummmy;lezat
zippernya;ritsletingnya
